time,date,itemid,price,discount,price_before_discount,stock,sold,item_status,cmt_count,liked_count
1639280008,20211212,7743986580,469000000000,37%,739000000000,54,0,normal,4204,7243
1639287142,20211212,7743986580,469000000000,37%,739000000000,184,0,normal,4204,7253
1639357862,20211213,7743986580,509000000000,31%,739000000000,775,0,normal,4204,7267
1639444465,20211214,7743986580,509000000000,31%,739000000000,789,0,normal,4208,7276
1639530639,20211215,7743986580,469000000000,37%,739000000000,70,0,normal,4215,7293
1639617024,20211216,7743986580,509000000000,31%,739000000000,633,0,normal,4230,7310
1639703611,20211217,7743986580,509000000000,31%,739000000000,641,0,normal,4283,7308
1639790131,20211218,7743986580,509000000000,31%,739000000000,646,0,banned,4317,7310
1639876641,20211219,7743986580,509000000000,31%,739000000000,650,0,banned,4344,7310
1639962814,20211220,7743986580,509000000000,31%,739000000000,650,0,banned,4366,7311
1640049311,20211221,7743986580,509000000000,31%,739000000000,652,811,normal,4400,7307
1640135673,20211222,7743986580,485000000000,34%,739000000000,399,811,normal,4418,7325
1640221963,20211223,7743986580,509000000000,31%,739000000000,621,884,normal,4426,7357
1640308306,20211224,7743986580,509000000000,31%,739000000000,624,918,normal,4437,7355
1640394678,20211225,7743986580,509000000000,31%,739000000000,209,918,normal,4447,7358
1640481433,20211226,7743986580,509000000000,31%,739000000000,207,923,normal,4452,7358
1640567592,20211227,7743986580,479000000000,35%,739000000000,32,926,normal,4463,7366
1640653958,20211228,7743986580,509000000000,31%,739000000000,574,928,normal,4467,7385
1640740333,20211229,7743986580,509000000000,31%,739000000000,570,967,normal,4475,7385
1640826746,20211230,7743986580,509000000000,31%,739000000000,571,967,normal,4489,7388
1640913292,20211231,7743986580,509000000000,31%,739000000000,158,973,normal,4493,7394
1640965080,20211231,7743986580,509000000000,31%,739000000000,127,973,normal,4497,7402
1640967402,20211231,7743986580,509000000000,31%,739000000000,127,973,normal,4497,7403
1640969995,20211231,7743986580,509000000000,31%,739000000000,125,973,normal,4497,7406
1640971711,20211231,7743986580,479000000000,35%,739000000000,133,973,normal,4497,7411
1640972763,20211231,7743986580,479000000000,35%,739000000000,71,973,normal,4497,7412
1640974377,20211231,7743986580,479000000000,35%,739000000000,28,973,normal,4497,7415
1640976209,20211231,7743986580,479000000000,35%,739000000000,28,973,normal,4498,7415
1640979250,20211231,7743986580,479000000000,35%,739000000000,27,974,normal,4498,7417
1640997643,20220101,7743986580,479000000000,35%,739000000000,27,974,normal,4498,7417
1641002550,20220101,7743986580,479000000000,35%,739000000000,76,974,normal,4498,7417
1641005707,20220101,7743986580,479000000000,35%,739000000000,65,974,normal,4499,7418
1641006813,20220101,7743986580,479000000000,35%,739000000000,25,974,normal,4499,7418
1641010466,20220101,7743986580,479000000000,35%,739000000000,24,974,normal,4499,7420
1641012588,20220101,7743986580,479000000000,35%,739000000000,23,974,normal,4499,7422
1641013892,20220101,7743986580,479000000000,35%,739000000000,76,974,normal,4499,7423
1641015359,20220101,7743986580,479000000000,35%,739000000000,22,974,normal,4499,7424
1641017600,20220101,7743986580,479000000000,35%,739000000000,21,974,normal,4499,7423
1641019515,20220101,7743986580,479000000000,35%,739000000000,20,974,normal,4499,7423
1641021058,20220101,7743986580,479000000000,35%,739000000000,21,974,normal,4499,7423
1641022544,20220101,7743986580,479000000000,35%,739000000000,20,974,normal,4499,7424
1641024815,20220101,7743986580,479000000000,35%,739000000000,79,974,normal,4499,7424
1641026561,20220101,7743986580,479000000000,35%,739000000000,77,974,normal,4499,7425
1641028276,20220101,7743986580,479000000000,35%,739000000000,77,974,normal,4499,7424
1641029916,20220101,7743986580,479000000000,35%,739000000000,77,974,normal,4500,7424
1641031896,20220101,7743986580,479000000000,35%,739000000000,75,974,normal,4500,7424
1641033600,20220101,7743986580,479000000000,35%,739000000000,72,974,normal,4500,7424
1641035353,20220101,7743986580,479000000000,35%,739000000000,19,974,normal,4500,7424
1641039450,20220101,7743986580,479000000000,35%,739000000000,18,974,normal,4500,7424
1641041772,20220101,7743986580,479000000000,35%,739000000000,18,974,normal,4501,7425
1641046196,20220101,7743986580,479000000000,35%,739000000000,109,974,normal,4501,7426
1641047747,20220101,7743986580,479000000000,35%,739000000000,109,974,normal,4501,7427
1641049861,20220101,7743986580,479000000000,35%,739000000000,18,974,normal,4501,7428
1641053788,20220101,7743986580,479000000000,35%,739000000000,17,974,normal,4501,7427
1641056379,20220101,7743986580,509000000000,31%,739000000000,494,974,normal,4502,7428
1641058034,20220101,7743986580,509000000000,31%,739000000000,495,974,normal,4502,7429
1641059069,20220101,7743986580,509000000000,31%,739000000000,495,974,normal,4502,7430
1641060773,20220101,7743986580,509000000000,31%,739000000000,495,974,normal,4502,7431
1641065662,20220101,7743986580,509000000000,31%,739000000000,495,980,normal,4502,7431
1641084077,20220102,7743986580,509000000000,31%,739000000000,495,980,normal,4502,7431
1641089034,20220102,7743986580,509000000000,31%,739000000000,494,980,normal,4502,7432
1641092000,20220102,7743986580,509000000000,31%,739000000000,495,980,normal,4502,7432
1641094774,20220102,7743986580,509000000000,31%,739000000000,495,980,normal,4502,7433
1641098973,20220102,7743986580,509000000000,31%,739000000000,496,980,normal,4506,7432
1641100282,20220102,7743986580,509000000000,31%,739000000000,497,980,normal,4506,7432
1641104002,20220102,7743986580,509000000000,31%,739000000000,497,980,normal,4506,7433
1641107476,20220102,7743986580,509000000000,31%,739000000000,498,980,normal,4506,7433
1641108931,20220102,7743986580,509000000000,31%,739000000000,501,980,normal,4506,7433
1641118301,20220102,7743986580,509000000000,31%,739000000000,501,980,normal,4507,7433
1641123239,20220102,7743986580,509000000000,31%,739000000000,501,980,normal,4508,7433
1641125827,20220102,7743986580,509000000000,31%,739000000000,501,980,normal,4508,7432
1641138058,20220102,7743986580,509000000000,31%,739000000000,501,980,normal,4509,7432
1641140176,20220102,7743986580,509000000000,31%,739000000000,501,980,normal,4511,7432
1641144368,20220102,7743986580,509000000000,31%,739000000000,501,980,normal,4511,7431
1641154303,20220102,7743986580,509000000000,31%,739000000000,501,1030,normal,4512,7431
1641170363,20220103,7743986580,509000000000,31%,739000000000,501,1030,normal,4512,7432
1641177696,20220103,7743986580,509000000000,31%,739000000000,502,1030,normal,4512,7431
1641179542,20220103,7743986580,509000000000,31%,739000000000,502,1030,normal,4512,7430
1641185411,20220103,7743986580,509000000000,31%,739000000000,502,1030,normal,4513,7431
1641188185,20220103,7743986580,509000000000,31%,739000000000,502,1030,normal,4513,7432
1641192377,20220103,7743986580,509000000000,31%,739000000000,502,1030,normal,4514,7432
1641193890,20220103,7743986580,509000000000,31%,739000000000,504,1030,normal,4514,7432
1641195381,20220103,7743986580,509000000000,31%,739000000000,506,1030,normal,4514,7432
1641197663,20220103,7743986580,509000000000,31%,739000000000,505,1030,normal,4514,7433
1641217273,20220103,7743986580,509000000000,31%,739000000000,505,1030,normal,4514,7432
1641219035,20220103,7743986580,509000000000,31%,739000000000,505,1030,normal,4515,7432
1641222707,20220103,7743986580,509000000000,31%,739000000000,506,1030,normal,4515,7432
1641226676,20220103,7743986580,509000000000,31%,739000000000,506,1030,normal,4515,7431
1641229310,20220103,7743986580,509000000000,31%,739000000000,506,1030,normal,4515,7432
1641231930,20220103,7743986580,509000000000,31%,739000000000,506,1030,normal,4515,7433
1641238463,20220103,7743986580,509000000000,31%,739000000000,506,1029,normal,4515,7433
1641256836,20220104,7743986580,509000000000,31%,739000000000,506,1029,normal,4515,7433
1641261681,20220104,7743986580,509000000000,31%,739000000000,506,1029,normal,4516,7433
1641264787,20220104,7743986580,509000000000,31%,739000000000,506,1029,normal,4516,7434
1641269683,20220104,7743986580,509000000000,31%,739000000000,506,1029,normal,4517,7434
1641271809,20220104,7743986580,509000000000,31%,739000000000,506,1029,normal,4517,7435
1641273113,20220104,7743986580,509000000000,31%,739000000000,506,1029,normal,4517,7434
1641274577,20220104,7743986580,509000000000,31%,739000000000,506,1029,normal,4518,7435
1641281768,20220104,7743986580,509000000000,31%,739000000000,506,1029,normal,4518,7434
1641285815,20220104,7743986580,509000000000,31%,739000000000,505,1029,normal,4518,7434
1641292844,20220104,7743986580,509000000000,31%,739000000000,505,1029,normal,4518,7435
1641298690,20220104,7743986580,509000000000,31%,739000000000,505,1029,normal,4519,7435
1641303651,20220104,7743986580,509000000000,31%,739000000000,505,1029,normal,4520,7435
1641306986,20220104,7743986580,509000000000,31%,739000000000,505,1029,normal,4520,7434
1641309128,20220104,7743986580,509000000000,31%,739000000000,505,1029,normal,4520,7436
1641318324,20220104,7743986580,509000000000,31%,739000000000,505,1029,normal,4521,7437
1641327147,20220104,7743986580,509000000000,31%,739000000000,505,1029,normal,4521,7436
1641343331,20220105,7743986580,509000000000,31%,739000000000,505,1029,normal,4521,7436
1641351201,20220105,7743986580,509000000000,31%,739000000000,505,1029,normal,4521,7437
1641360996,20220105,7743986580,509000000000,31%,739000000000,505,1029,normal,4521,7436
1641363251,20220105,7743986580,509000000000,31%,739000000000,505,1029,normal,4522,7436
1641370440,20220105,7743986580,509000000000,31%,739000000000,505,1029,normal,4522,7435
1641372202,20220105,7743986580,509000000000,31%,739000000000,507,1029,normal,4522,7435
1641374033,20220105,7743986580,509000000000,31%,739000000000,507,1029,normal,4523,7436
1641380972,20220105,7743986580,509000000000,31%,739000000000,506,1029,normal,4523,7436
1641385128,20220105,7743986580,509000000000,31%,739000000000,505,1029,normal,4523,7436
1641387527,20220105,7743986580,509000000000,31%,739000000000,505,1029,normal,4523,7437
1641390161,20220105,7743986580,509000000000,31%,739000000000,505,1029,normal,4524,7437
1641397347,20220105,7743986580,509000000000,31%,739000000000,505,1029,normal,4525,7437
1641399431,20220105,7743986580,509000000000,31%,739000000000,505,1029,normal,4526,7437
1641404778,20220105,7743986580,509000000000,31%,739000000000,505,1029,normal,4526,7438
1641408280,20220105,7743986580,509000000000,31%,739000000000,505,1029,normal,4526,7439
1641418627,20220105,7743986580,509000000000,31%,739000000000,505,1032,normal,4526,7439
1641429783,20220106,7743986580,509000000000,31%,739000000000,505,1032,normal,4526,7439
1641437737,20220106,7743986580,509000000000,31%,739000000000,505,1032,normal,4527,7439
1641442493,20220106,7743986580,509000000000,31%,739000000000,505,1032,normal,4528,7439
1641445973,20220106,7743986580,509000000000,31%,739000000000,505,1032,normal,4529,7439
1641451596,20220106,7743986580,509000000000,31%,739000000000,506,1032,normal,4529,7439
1641471544,20220106,7743986580,509000000000,31%,739000000000,507,1032,normal,4529,7439
1641473966,20220106,7743986580,509000000000,31%,739000000000,507,1032,normal,4530,7440
1641475728,20220106,7743986580,509000000000,31%,739000000000,507,1032,normal,4531,7441
1641476619,20220106,7743986580,509000000000,31%,739000000000,507,1032,normal,4532,7442
1641478243,20220106,7743986580,509000000000,31%,739000000000,507,1032,normal,4532,7443
1641488522,20220106,7743986580,509000000000,31%,739000000000,507,1032,normal,4532,7442
1641499897,20220106,7743986580,509000000000,31%,739000000000,507,1033,normal,4532,7443
1641516200,20220107,7743986580,509000000000,31%,739000000000,507,1033,normal,4532,7443
1641521265,20220107,7743986580,509000000000,31%,739000000000,507,1033,normal,4532,7442
1641524156,20220107,7743986580,509000000000,31%,739000000000,507,1033,normal,4533,7441
1641525356,20220107,7743986580,509000000000,31%,739000000000,507,1033,normal,4534,7440
1641526901,20220107,7743986580,509000000000,31%,739000000000,507,1033,normal,4535,7440
1641533815,20220107,7743986580,509000000000,31%,739000000000,507,1033,normal,4536,7440
1641538041,20220107,7743986580,509000000000,31%,739000000000,507,1033,normal,4537,7440
1641540985,20220107,7743986580,509000000000,31%,739000000000,507,1033,normal,4537,7439
1641546709,20220107,7743986580,509000000000,31%,739000000000,492,1033,normal,4537,7440
1641548421,20220107,7743986580,509000000000,31%,739000000000,491,1033,normal,4537,7440
1641557911,20220107,7743986580,509000000000,31%,739000000000,491,1033,normal,4538,7440
1641560274,20220107,7743986580,509000000000,31%,739000000000,491,1033,normal,4540,7440
1641566205,20220107,7743986580,509000000000,31%,739000000000,491,1033,normal,4540,7441
1641574912,20220107,7743986580,509000000000,31%,739000000000,491,1033,normal,4540,7443
1641577571,20220107,7743986580,509000000000,31%,739000000000,490,1033,normal,4540,7445
1641586354,20220107,7743986580,509000000000,31%,739000000000,490,1035,normal,4540,7445
1641602417,20220108,7743986580,509000000000,31%,739000000000,490,1035,normal,4540,7445
1641607245,20220108,7743986580,509000000000,31%,739000000000,490,1035,normal,4540,7443
1641611628,20220108,7743986580,509000000000,31%,739000000000,490,1035,normal,4541,7443
1641622411,20220108,7743986580,509000000000,31%,739000000000,490,1035,normal,4541,7442
1641624340,20220108,7743986580,509000000000,31%,739000000000,488,1035,normal,4542,7443
1641629616,20220108,7743986580,509000000000,31%,739000000000,490,1035,normal,4542,7443
1641631394,20220108,7743986580,509000000000,31%,739000000000,490,1035,normal,4543,7442
1641640168,20220108,7743986580,509000000000,31%,739000000000,489,1035,normal,4543,7442
1641641674,20220108,7743986580,509000000000,31%,739000000000,489,1035,normal,4543,7443
1641648107,20220108,7743986580,509000000000,31%,739000000000,489,1035,normal,4543,7442
1641650997,20220108,7743986580,509000000000,31%,739000000000,489,1035,normal,4543,7441
1641652551,20220108,7743986580,509000000000,31%,739000000000,489,1035,normal,4544,7441
1641656481,20220108,7743986580,509000000000,31%,739000000000,489,1035,normal,4544,7440
1641658582,20220108,7743986580,509000000000,31%,739000000000,489,1035,normal,4545,7440
1641661208,20220108,7743986580,509000000000,31%,739000000000,489,1035,normal,4545,7441
1641667417,20220108,7743986580,509000000000,31%,739000000000,489,1035,normal,4545,7442
1641674307,20220108,7743986580,509000000000,31%,739000000000,489,1040,normal,4545,7442
1641688927,20220109,7743986580,509000000000,31%,739000000000,489,1040,normal,4545,7442
1641696840,20220109,7743986580,509000000000,31%,739000000000,489,1040,normal,4545,7443
1641701677,20220109,7743986580,509000000000,31%,739000000000,488,1040,normal,4545,7443
1641706592,20220109,7743986580,509000000000,31%,739000000000,488,1040,normal,4546,7443
1641708822,20220109,7743986580,509000000000,31%,739000000000,488,1040,normal,4547,7443
1641710739,20220109,7743986580,509000000000,31%,739000000000,487,1040,normal,4547,7443
1641719479,20220109,7743986580,509000000000,31%,739000000000,487,1040,normal,4547,7446
1641723117,20220109,7743986580,509000000000,31%,739000000000,487,1040,normal,4547,7447
1641724813,20220109,7743986580,509000000000,31%,739000000000,487,1040,normal,4547,7446
1641730655,20220109,7743986580,509000000000,31%,739000000000,487,1040,normal,4547,7447
1641735595,20220109,7743986580,509000000000,31%,739000000000,487,1040,normal,4547,7448
1641738945,20220109,7743986580,509000000000,31%,739000000000,487,1040,normal,4547,7447
1641744992,20220109,7743986580,509000000000,31%,739000000000,487,1040,normal,4547,7448
1641747625,20220109,7743986580,499000000000,32%,739000000000,15,1040,normal,4547,7448
1641749367,20220109,7743986580,499000000000,32%,739000000000,12,1040,normal,4547,7450
1641750425,20220109,7743986580,499000000000,32%,739000000000,499,1040,normal,4547,7450
1641751968,20220109,7743986580,499000000000,32%,739000000000,499,1040,normal,4547,7449
1641753809,20220109,7743986580,499000000000,32%,739000000000,499,1040,normal,4547,7448
1641756861,20220109,7743986580,499000000000,32%,739000000000,499,1044,normal,4547,7448
1641775195,20220110,7743986580,499000000000,32%,739000000000,499,1044,normal,4547,7448
1641788099,20220110,7743986580,499000000000,32%,739000000000,499,1044,normal,4547,7449
1641793052,20220110,7743986580,499000000000,32%,739000000000,484,1044,normal,4547,7449
1641797218,20220110,7743986580,499000000000,32%,739000000000,485,1044,normal,4547,7449
1641798684,20220110,7743986580,499000000000,32%,739000000000,470,1044,normal,4547,7449
1641802488,20220110,7743986580,499000000000,32%,739000000000,469,1044,normal,4547,7448
1641804277,20220110,7743986580,499000000000,32%,739000000000,469,1044,normal,4547,7449
1641811319,20220110,7743986580,499000000000,32%,739000000000,469,1044,normal,4547,7450
1641812990,20220110,7743986580,499000000000,32%,739000000000,469,1044,normal,4547,7451
1641817114,20220110,7743986580,499000000000,32%,739000000000,469,1044,normal,4547,7452
1641822275,20220110,7743986580,499000000000,32%,739000000000,468,1044,normal,4547,7452
1641834155,20220110,7743986580,499000000000,32%,739000000000,15,1044,normal,4547,7452
1641835677,20220110,7743986580,499000000000,32%,739000000000,14,1044,normal,4547,7452
1641836807,20220110,7743986580,509000000000,31%,739000000000,483,1044,normal,4547,7452
1641861722,20220111,7743986580,509000000000,31%,739000000000,483,1044,normal,4547,7452
1641866592,20220111,7743986580,509000000000,31%,739000000000,483,1044,normal,4547,7451
1641872468,20220111,7743986580,509000000000,31%,739000000000,483,1044,normal,4547,7450
1641881647,20220111,7743986580,509000000000,31%,739000000000,483,1044,normal,4548,7450
1641888863,20220111,7743986580,509000000000,31%,739000000000,484,1044,normal,4548,7450
1641900904,20220111,7743986580,509000000000,31%,739000000000,484,1044,normal,4548,7451
1641903488,20220111,7743986580,499000000000,32%,739000000000,15,1044,normal,4548,7451
1641907509,20220111,7743986580,499000000000,32%,739000000000,15,1044,normal,4549,7451
1641910382,20220111,7743986580,509000000000,31%,739000000000,499,1044,normal,4549,7452
1641914044,20220111,7743986580,509000000000,31%,739000000000,499,1044,normal,4549,7453
1641916069,20220111,7743986580,509000000000,31%,739000000000,499,1044,normal,4550,7453
1641920799,20220111,7743986580,509000000000,31%,739000000000,499,1044,normal,4550,7454
1641924812,20220111,7743986580,509000000000,31%,739000000000,501,1044,normal,4550,7453
1641931887,20220111,7743986580,509000000000,31%,739000000000,501,352,normal,4550,7453
1641948093,20220112,7743986580,509000000000,31%,739000000000,501,352,normal,4550,7454
1641952940,20220112,7743986580,509000000000,31%,739000000000,501,352,normal,4550,7455
1641957233,20220112,7743986580,509000000000,31%,739000000000,501,352,normal,4550,7457
1641958863,20220112,7743986580,509000000000,31%,739000000000,501,352,normal,4550,7456
1641971477,20220112,7743986580,509000000000,31%,739000000000,501,352,normal,4550,7455
1641975246,20220112,7743986580,509000000000,31%,739000000000,501,352,normal,4551,7455
1641996933,20220112,7743986580,509000000000,31%,739000000000,501,352,normal,4551,7456
1641998493,20220112,7743986580,509000000000,31%,739000000000,501,352,normal,4552,7456
1642000603,20220112,7743986580,509000000000,31%,739000000000,501,352,normal,4552,7457
1642004558,20220112,7743986580,509000000000,31%,739000000000,500,352,normal,4552,7457
1642007072,20220112,7743986580,499000000000,32%,739000000000,500,352,normal,4552,7457
1642008440,20220112,7743986580,499000000000,32%,739000000000,500,352,normal,4553,7458
1642014586,20220112,7743986580,499000000000,32%,739000000000,500,352,normal,4553,7459
1642016080,20220112,7743986580,499000000000,32%,739000000000,500,331,normal,4553,7458
1642018339,20220112,7743986580,499000000000,32%,739000000000,500,331,normal,4553,7459
1642034579,20220113,7743986580,499000000000,32%,739000000000,500,331,normal,4553,7459
1642047288,20220113,7743986580,499000000000,32%,739000000000,500,331,normal,4554,7457
1642057888,20220113,7743986580,499000000000,32%,739000000000,800,331,normal,4554,7458
1642059392,20220113,7743986580,499000000000,32%,739000000000,800,331,normal,4554,7457
1642061929,20220113,7743986580,499000000000,32%,739000000000,799,331,normal,4554,7457
1642068746,20220113,7743986580,499000000000,32%,739000000000,139,331,normal,4554,7458
1642078761,20220113,7743986580,499000000000,32%,739000000000,138,331,normal,4554,7458
1642080539,20220113,7743986580,499000000000,32%,739000000000,137,331,normal,4554,7458
1642083340,20220113,7743986580,499000000000,32%,739000000000,136,331,normal,4555,7458
1642093428,20220113,7743986580,509000000000,31%,739000000000,136,331,normal,4555,7458
1642104747,20220113,7743986580,509000000000,31%,739000000000,136,330,normal,4555,7458
1642115514,20220113,7743986580,509000000000,31%,739000000000,136,330,normal,4555,7459
1642120927,20220114,7743986580,509000000000,31%,739000000000,136,330,normal,4555,7460
1642131649,20220114,7743986580,509000000000,31%,739000000000,136,330,normal,4555,7461
1642145793,20220114,7743986580,509000000000,31%,739000000000,135,330,normal,4555,7461
1642149852,20220114,7743986580,509000000000,31%,739000000000,135,330,normal,4555,7460
1642151534,20220114,7743986580,509000000000,31%,739000000000,120,330,normal,4555,7460
1642156876,20220114,7743986580,509000000000,31%,739000000000,119,330,normal,4555,7461
1642162704,20220114,7743986580,509000000000,31%,739000000000,118,330,normal,4555,7461
1642165130,20220114,7743986580,509000000000,31%,739000000000,118,330,normal,4555,7462
1642166828,20220114,7743986580,509000000000,31%,739000000000,117,330,normal,4555,7462
1642167757,20220114,7743986580,509000000000,31%,739000000000,117,330,normal,4555,7463
1642169441,20220114,7743986580,509000000000,31%,739000000000,116,330,normal,4555,7464
1642171001,20220114,7743986580,509000000000,31%,739000000000,116,330,normal,4555,7466
1642173188,20220114,7743986580,509000000000,31%,739000000000,110,330,normal,4555,7465
1642174949,20220114,7743986580,509000000000,31%,739000000000,111,330,normal,4555,7468
1642176938,20220114,7743986580,509000000000,31%,739000000000,112,330,normal,4555,7472
1642179571,20220114,7743986580,509000000000,31%,739000000000,111,330,normal,4555,7481
1642181288,20220114,7743986580,469000000000,37%,739000000000,201,330,normal,4555,7489
1642182408,20220114,7743986580,469000000000,37%,739000000000,73,330,normal,4555,7491
1642184014,20220114,7743986580,479000000000,35%,739000000000,100,330,normal,4556,7494
1642185906,20220114,7743986580,469000000000,37%,739000000000,197,330,normal,4556,7495
1642187571,20220114,7743986580,469000000000,37%,739000000000,194,330,normal,4556,7495
1642188872,20220114,7743986580,469000000000,37%,739000000000,192,330,normal,4556,7494
1642191156,20220114,7743986580,469000000000,37%,739000000000,189,183,normal,4556,7494
1642192768,20220114,7743986580,469000000000,37%,739000000000,188,183,normal,4556,7494
1642196232,20220114,7743986580,469000000000,37%,739000000000,189,183,normal,4556,7494
1642198268,20220114,7743986580,469000000000,37%,739000000000,187,183,normal,4556,7494
1642199968,20220114,7743986580,469000000000,37%,739000000000,186,183,normal,4556,7494
1642201893,20220114,7743986580,469000000000,37%,739000000000,184,183,normal,4556,7494
1642203521,20220114,7743986580,469000000000,37%,739000000000,182,183,normal,4556,7495
1642207202,20220115,7743986580,469000000000,37%,739000000000,175,183,normal,4556,7494
1642212100,20220115,7743986580,469000000000,37%,739000000000,77,183,normal,4556,7494
1642215345,20220115,7743986580,469000000000,37%,739000000000,164,183,normal,4556,7494
1642216494,20220115,7743986580,469000000000,37%,739000000000,159,183,normal,4556,7495
1642218055,20220115,7743986580,469000000000,37%,739000000000,157,183,normal,4556,7494
1642220089,20220115,7743986580,469000000000,37%,739000000000,153,183,normal,4556,7494
1642222226,20220115,7743986580,469000000000,37%,739000000000,144,183,normal,4556,7496
1642223534,20220115,7743986580,469000000000,37%,739000000000,53,183,normal,4556,7503
1642224996,20220115,7743986580,469000000000,37%,739000000000,141,183,normal,4556,7506
1642227230,20220115,7743986580,469000000000,37%,739000000000,134,183,normal,4556,7507
1642229157,20220115,7743986580,469000000000,37%,739000000000,130,183,normal,4556,7506
1642230669,20220115,7743986580,469000000000,37%,739000000000,129,183,normal,4556,7507
1642232154,20220115,7743986580,469000000000,37%,739000000000,128,183,normal,4556,7507
1642234436,20220115,7743986580,469000000000,37%,739000000000,124,183,normal,4556,7507
1642236203,20220115,7743986580,469000000000,37%,739000000000,122,183,normal,4556,7506
1642237891,20220115,7743986580,469000000000,37%,739000000000,119,183,normal,4556,7507
1642239529,20220115,7743986580,469000000000,37%,739000000000,123,183,normal,4556,7507
1642241513,20220115,7743986580,469000000000,37%,739000000000,121,183,normal,4556,7507
1642243223,20220115,7743986580,469000000000,37%,739000000000,119,183,normal,4556,7507
1642244949,20220115,7743986580,469000000000,37%,739000000000,199,183,normal,4556,7506
1642246472,20220115,7743986580,469000000000,37%,739000000000,192,183,normal,4556,7508
1642249082,20220115,7743986580,469000000000,37%,739000000000,186,183,normal,4556,7507
1642251438,20220115,7743986580,469000000000,37%,739000000000,182,183,normal,4556,7508
1642252977,20220115,7743986580,469000000000,37%,739000000000,178,183,normal,4556,7509
1642254011,20220115,7743986580,469000000000,37%,739000000000,177,183,normal,4556,7510
1642255804,20220115,7743986580,469000000000,37%,739000000000,77,183,normal,4557,7509
1642257358,20220115,7743986580,469000000000,37%,739000000000,120,183,normal,4557,7509
1642259486,20220115,7743986580,469000000000,37%,739000000000,116,183,normal,4557,7509
1642261284,20220115,7743986580,469000000000,37%,739000000000,118,183,normal,4557,7509
1642263392,20220115,7743986580,469000000000,37%,739000000000,114,183,normal,4557,7508
1642266009,20220115,7743986580,509000000000,31%,739000000000,379,183,normal,4557,7508
1642267752,20220115,7743986580,509000000000,31%,739000000000,496,183,normal,4557,7507
1642268811,20220115,7743986580,509000000000,31%,739000000000,498,183,normal,4557,7507
1642270385,20220115,7743986580,509000000000,31%,739000000000,499,183,normal,4557,7506
1642272217,20220115,7743986580,509000000000,31%,739000000000,500,183,normal,4557,7506
1642277509,20220115,7743986580,509000000000,31%,739000000000,501,183,normal,4557,7506
1642279108,20220115,7743986580,509000000000,31%,739000000000,504,183,normal,4557,7506
1642280977,20220115,7743986580,509000000000,31%,739000000000,506,181,normal,4557,7507
1642289871,20220115,7743986580,509000000000,31%,739000000000,507,181,normal,4557,7507
1642293772,20220116,7743986580,509000000000,31%,739000000000,508,181,normal,4557,7507
1642301694,20220116,7743986580,509000000000,31%,739000000000,511,181,normal,4557,7508
1642302841,20220116,7743986580,509000000000,31%,739000000000,511,181,normal,4557,7509
1642304451,20220116,7743986580,509000000000,31%,739000000000,512,181,normal,4557,7509
1642308607,20220116,7743986580,509000000000,31%,739000000000,513,181,normal,4557,7509
1642311389,20220116,7743986580,509000000000,31%,739000000000,514,181,normal,4557,7509
1642315531,20220116,7743986580,509000000000,31%,739000000000,513,181,normal,4557,7509
1642318556,20220116,7743986580,509000000000,31%,739000000000,513,181,normal,4558,7510
1642320821,20220116,7743986580,509000000000,31%,739000000000,511,181,normal,4558,7510
1642322575,20220116,7743986580,509000000000,31%,739000000000,510,181,normal,4558,7510
1642329615,20220116,7743986580,509000000000,31%,739000000000,512,181,normal,4558,7510
1642339368,20220116,7743986580,509000000000,31%,739000000000,513,181,normal,4558,7510
1642340407,20220116,7743986580,509000000000,31%,739000000000,513,181,normal,4558,7509
1642342203,20220116,7743986580,509000000000,31%,739000000000,514,181,normal,4559,7509
1642345879,20220116,7743986580,509000000000,31%,739000000000,514,181,normal,4559,7508
1642349789,20220116,7743986580,509000000000,31%,739000000000,515,181,normal,4559,7509
1642356767,20220116,7743986580,509000000000,31%,739000000000,515,181,normal,4559,7510
1642358612,20220116,7743986580,509000000000,31%,739000000000,515,181,normal,4559,7512
1642365517,20220116,7743986580,509000000000,31%,739000000000,515,352,normal,4559,7512
1642380069,20220117,7743986580,509000000000,31%,739000000000,515,352,normal,4559,7512
1642388085,20220117,7743986580,509000000000,31%,739000000000,515,352,normal,4559,7511
1642389243,20220117,7743986580,509000000000,31%,739000000000,515,352,normal,4559,7512
1642392908,20220117,7743986580,509000000000,31%,739000000000,514,352,normal,4559,7513
1642395063,20220117,7743986580,509000000000,31%,739000000000,515,352,normal,4560,7513
1642397854,20220117,7743986580,509000000000,31%,739000000000,515,352,normal,4560,7514
1642400076,20220117,7743986580,509000000000,31%,739000000000,515,352,normal,4560,7515
1642402033,20220117,7743986580,509000000000,31%,739000000000,515,352,normal,4560,7516
1642405014,20220117,7743986580,509000000000,31%,739000000000,515,352,normal,4561,7516
1642407294,20220117,7743986580,499000000000,32%,739000000000,15,352,normal,4561,7515
1642409094,20220117,7743986580,499000000000,32%,739000000000,13,352,normal,4561,7515
1642411067,20220117,7743986580,499000000000,32%,739000000000,11,352,normal,4563,7516
1642412559,20220117,7743986580,499000000000,32%,739000000000,11,352,normal,4564,7516
1642414658,20220117,7743986580,498000000000,33%,739000000000,526,352,normal,4564,7515
1642416171,20220117,7743986580,498000000000,33%,739000000000,526,352,normal,4565,7515
1642424400,20220117,7743986580,498000000000,33%,739000000000,526,352,normal,4566,7515
1642426256,20220117,7743986580,498000000000,33%,739000000000,526,352,normal,4567,7517
1642432323,20220117,7743986580,498000000000,33%,739000000000,525,352,normal,4567,7517
1642434157,20220117,7743986580,498000000000,33%,739000000000,526,352,normal,4567,7518
1642441592,20220117,7743986580,498000000000,33%,739000000000,527,352,normal,4568,7518
1642450356,20220117,7743986580,498000000000,33%,739000000000,527,352,normal,4568,7519
1642453820,20220117,7743986580,498000000000,33%,739000000000,527,356,normal,4568,7519
1642466575,20220118,7743986580,498000000000,33%,739000000000,527,356,normal,4568,7519
1642471474,20220118,7743986580,498000000000,33%,739000000000,527,356,normal,4568,7520
1642474414,20220118,7743986580,498000000000,33%,739000000000,526,356,normal,4568,7520
1642475610,20220118,7743986580,498000000000,33%,739000000000,526,356,normal,4569,7520
1642479310,20220118,7743986580,498000000000,33%,739000000000,527,356,normal,4569,7519
1642488041,20220118,7743986580,498000000000,33%,739000000000,527,356,normal,4570,7519
1642489922,20220118,7743986580,498000000000,33%,739000000000,527,356,normal,4570,7520
1642493691,20220118,7743986580,498000000000,33%,739000000000,527,356,normal,4571,7520
1642495527,20220118,7743986580,498000000000,33%,739000000000,527,356,normal,4571,7521
1642497401,20220118,7743986580,498000000000,33%,739000000000,527,356,normal,4573,7521
1642502524,20220118,7743986580,498000000000,33%,739000000000,527,356,normal,4574,7521
1642504479,20220118,7743986580,498000000000,33%,739000000000,527,356,normal,4575,7521
1642508385,20220118,7743986580,498000000000,33%,739000000000,527,356,normal,4575,7522
1642510781,20220118,7743986580,498000000000,33%,739000000000,527,356,normal,4576,7522
1642512876,20220118,7743986580,498000000000,33%,739000000000,527,356,normal,4576,7523
1642516913,20220118,7743986580,498000000000,33%,739000000000,527,356,normal,4576,7524
1642519001,20220118,7743986580,498000000000,33%,739000000000,527,356,normal,4577,7525
1642520854,20220118,7743986580,498000000000,33%,739000000000,527,356,normal,4578,7526
1642525419,20220118,7743986580,498000000000,33%,739000000000,527,356,normal,4579,7525
1642528028,20220118,7743986580,498000000000,33%,739000000000,526,356,normal,4579,7527
1642534472,20220118,7743986580,498000000000,33%,739000000000,524,356,normal,4579,7528
1642536749,20220118,7743986580,498000000000,33%,739000000000,524,370,normal,4579,7528
1642552621,20220119,7743986580,498000000000,33%,739000000000,524,370,normal,4579,7527
1642557094,20220119,7743986580,498000000000,33%,739000000000,524,370,normal,4579,7526
1642560320,20220119,7743986580,498000000000,33%,739000000000,524,370,normal,4579,7527
1642561842,20220119,7743986580,498000000000,33%,739000000000,524,370,normal,4579,7528
1642563371,20220119,7743986580,498000000000,33%,739000000000,524,370,normal,4579,7530
1642565613,20220119,7743986580,498000000000,33%,739000000000,523,370,normal,4579,7529
1642567519,20220119,7743986580,498000000000,33%,739000000000,523,370,normal,4581,7530
1642568980,20220119,7743986580,498000000000,33%,739000000000,523,370,normal,4582,7530
1642570430,20220119,7743986580,498000000000,33%,739000000000,523,370,normal,4583,7531
1642572775,20220119,7743986580,498000000000,33%,739000000000,522,370,normal,4583,7531
1642576115,20220119,7743986580,498000000000,33%,739000000000,522,370,normal,4584,7533
1642577636,20220119,7743986580,498000000000,33%,739000000000,522,370,normal,4586,7533
1642581480,20220119,7743986580,498000000000,33%,739000000000,522,370,normal,4587,7534
1642583552,20220119,7743986580,498000000000,33%,739000000000,522,370,normal,4587,7535
1642587171,20220119,7743986580,498000000000,33%,739000000000,522,370,normal,4587,7536
1642590562,20220119,7743986580,498000000000,33%,739000000000,522,370,normal,4589,7537
1642594598,20220119,7743986580,498000000000,33%,739000000000,522,370,normal,4590,7537
1642596772,20220119,7743986580,498000000000,33%,739000000000,522,370,normal,4591,7537
1642601678,20220119,7743986580,498000000000,33%,739000000000,522,370,normal,4592,7538
1642603096,20220119,7743986580,498000000000,33%,739000000000,521,370,normal,4592,7538
1642605339,20220119,7743986580,498000000000,33%,739000000000,521,370,normal,4592,7539
1642609045,20220119,7743986580,498000000000,33%,739000000000,521,370,normal,4592,7540
1642611340,20220119,7743986580,498000000000,33%,739000000000,521,370,normal,4593,7539
1642613939,20220119,7743986580,498000000000,33%,739000000000,521,370,normal,4593,7540
1642623077,20220119,7743986580,498000000000,33%,739000000000,521,397,normal,4593,7540
1642630242,20220119,7743986580,498000000000,33%,739000000000,521,397,normal,4593,7541
1642639500,20220120,7743986580,498000000000,33%,739000000000,521,397,normal,4594,7543
1642644481,20220120,7743986580,498000000000,33%,739000000000,521,397,normal,4595,7542
1642649752,20220120,7743986580,498000000000,33%,739000000000,520,397,normal,4595,7542
1642653877,20220120,7743986580,498000000000,33%,739000000000,521,397,normal,4595,7543
1642660937,20220120,7743986580,498000000000,33%,739000000000,521,397,normal,4596,7543
1642666384,20220120,7743986580,498000000000,33%,739000000000,521,397,normal,4596,7542
1642667978,20220120,7743986580,498000000000,33%,739000000000,521,397,normal,4597,7541
1642671396,20220120,7743986580,498000000000,33%,739000000000,521,397,normal,4597,7542
1642683203,20220120,7743986580,498000000000,33%,739000000000,521,397,normal,4597,7543
1642688083,20220120,7743986580,498000000000,33%,739000000000,520,397,normal,4598,7543
1642693411,20220120,7743986580,498000000000,33%,739000000000,520,397,normal,4599,7543
1642695635,20220120,7743986580,498000000000,33%,739000000000,520,397,normal,4599,7541
1642697980,20220120,7743986580,498000000000,33%,739000000000,520,397,normal,4599,7542
1642699172,20220120,7743986580,489000000000,34%,739000000000,520,397,normal,4600,7542
1642700329,20220120,7743986580,489000000000,34%,739000000000,519,397,normal,4600,7541
1642702334,20220120,7743986580,489000000000,34%,739000000000,520,397,normal,4600,7541
1642709508,20220120,7743986580,489000000000,34%,739000000000,520,396,normal,4600,7541
1642714452,20220120,7743986580,489000000000,34%,739000000000,520,396,normal,4601,7541
1642725436,20220121,7743986580,489000000000,34%,739000000000,520,396,normal,4601,7541
1642730063,20220121,7743986580,489000000000,34%,739000000000,520,396,normal,4601,7543
1642731969,20220121,7743986580,489000000000,34%,739000000000,520,396,normal,4602,7543
1642736183,20220121,7743986580,489000000000,34%,739000000000,519,396,normal,4604,7545
1642740445,20220121,7743986580,489000000000,34%,739000000000,519,396,normal,4605,7545
1642741761,20220121,7743986580,489000000000,34%,739000000000,519,396,normal,4606,7545
1642754398,20220121,7743986580,489000000000,34%,739000000000,519,396,normal,4607,7545
1642756247,20220121,7743986580,489000000000,34%,739000000000,519,396,normal,4608,7545
1642757770,20220121,7743986580,489000000000,34%,739000000000,519,396,normal,4610,7544
1642759880,20220121,7743986580,489000000000,34%,739000000000,519,396,normal,4610,7546
1642761450,20220121,7743986580,489000000000,34%,739000000000,518,396,normal,4611,7546
1642763361,20220121,7743986580,489000000000,34%,739000000000,518,396,normal,4611,7547
1642764872,20220121,7743986580,489000000000,34%,739000000000,518,396,normal,4612,7547
1642769575,20220121,7743986580,489000000000,34%,739000000000,518,396,normal,4612,7548
1642772083,20220121,7743986580,489000000000,34%,739000000000,517,396,normal,4612,7548
1642774192,20220121,7743986580,489000000000,34%,739000000000,517,396,normal,4612,7550
1642775836,20220121,7743986580,489000000000,34%,739000000000,517,396,normal,4612,7549
1642778023,20220121,7743986580,489000000000,34%,739000000000,517,396,normal,4612,7548
1642785227,20220121,7743986580,495000000000,33%,739000000000,517,396,normal,4612,7548
1642786689,20220121,7743986580,495000000000,33%,739000000000,517,396,normal,4614,7549
1642795858,20220121,7743986580,495000000000,33%,739000000000,517,401,normal,4614,7549
1642811833,20220122,7743986580,495000000000,33%,739000000000,517,401,normal,4614,7549
1642816196,20220122,7743986580,495000000000,33%,739000000000,517,401,normal,4615,7549
1642818275,20220122,7743986580,495000000000,33%,739000000000,517,401,normal,4615,7550
1642824789,20220122,7743986580,495000000000,33%,739000000000,517,401,normal,4615,7551
1642829633,20220122,7743986580,495000000000,33%,739000000000,516,401,normal,4617,7551
1642831937,20220122,7743986580,495000000000,33%,739000000000,514,401,normal,4617,7551
1642840715,20220122,7743986580,495000000000,33%,739000000000,514,401,normal,4617,7552
1642853762,20220122,7743986580,495000000000,33%,739000000000,514,401,normal,4617,7553
1642855831,20220122,7743986580,495000000000,33%,739000000000,514,401,normal,4617,7552
1642865855,20220122,7743986580,495000000000,33%,739000000000,514,401,normal,4617,7553
1642870377,20220122,7743986580,495000000000,33%,739000000000,513,401,normal,4617,7554
1642872997,20220122,7743986580,495000000000,33%,739000000000,513,401,normal,4617,7556
1642880050,20220122,7743986580,495000000000,33%,739000000000,513,407,normal,4617,7556
1642898283,20220123,7743986580,495000000000,33%,739000000000,513,407,normal,4617,7556
1642904632,20220123,7743986580,495000000000,33%,739000000000,513,407,normal,4617,7555
1642918359,20220123,7743986580,495000000000,33%,739000000000,513,407,normal,4617,7556
1642932670,20220123,7743986580,495000000000,33%,739000000000,512,407,normal,4617,7556
1642937630,20220123,7743986580,495000000000,33%,739000000000,512,407,normal,4617,7557
1642944820,20220123,7743986580,495000000000,33%,739000000000,512,407,normal,4617,7556
1642946979,20220123,7743986580,495000000000,33%,739000000000,512,407,normal,4617,7555
1642948444,20220123,7743986580,495000000000,33%,739000000000,512,407,normal,4617,7556
1642950714,20220123,7743986580,495000000000,33%,739000000000,513,407,normal,4617,7557
1642956794,20220123,7743986580,495000000000,33%,739000000000,512,407,normal,4617,7559
1642957954,20220123,7743986580,495000000000,33%,739000000000,512,407,normal,4617,7560
1642961490,20220123,7743986580,495000000000,33%,739000000000,511,407,normal,4617,7560
1642968665,20220123,7743986580,495000000000,33%,739000000000,511,408,normal,4617,7560
1642979404,20220123,7743986580,495000000000,33%,739000000000,511,408,normal,4617,7561
1642984678,20220124,7743986580,495000000000,33%,739000000000,511,408,normal,4617,7561
1642989570,20220124,7743986580,495000000000,33%,739000000000,510,408,normal,4617,7562
1642994010,20220124,7743986580,495000000000,33%,739000000000,510,408,normal,4618,7562
1643006792,20220124,7743986580,495000000000,33%,739000000000,510,408,normal,4618,7563
1643008641,20220124,7743986580,495000000000,33%,739000000000,503,408,normal,4618,7563
1643009871,20220124,7743986580,495000000000,33%,739000000000,503,408,normal,4618,7562
1643011984,20220124,7743986580,495000000000,33%,739000000000,503,408,normal,4618,7563
1643015426,20220124,7743986580,495000000000,33%,739000000000,503,408,normal,4618,7562
1643019108,20220124,7743986580,495000000000,33%,739000000000,502,408,normal,4619,7562
1643020950,20220124,7743986580,495000000000,33%,739000000000,501,408,normal,4619,7562
1643026672,20220124,7743986580,495000000000,33%,739000000000,501,408,normal,4619,7564
1643031636,20220124,7743986580,495000000000,33%,739000000000,501,408,normal,4620,7564
1643033406,20220124,7743986580,495000000000,33%,739000000000,502,408,normal,4620,7565
1643037343,20220124,7743986580,495000000000,33%,739000000000,502,408,normal,4621,7565
1643039015,20220124,7743986580,495000000000,33%,739000000000,502,408,normal,4622,7565
1643041234,20220124,7743986580,495000000000,33%,739000000000,502,408,normal,4623,7566
1643044774,20220124,7743986580,495000000000,33%,739000000000,502,408,normal,4623,7567
1643055062,20220124,7743986580,495000000000,33%,739000000000,502,409,normal,4623,7567
1643071341,20220125,7743986580,495000000000,33%,739000000000,502,409,normal,4623,7567
1643078229,20220125,7743986580,495000000000,33%,739000000000,502,409,normal,4625,7567
1643080285,20220125,7743986580,495000000000,33%,739000000000,502,409,normal,4626,7567
1643087375,20220125,7743986580,495000000000,33%,739000000000,501,409,normal,4626,7567
1643091178,20220125,7743986580,495000000000,33%,739000000000,501,409,normal,4627,7567
1643096032,20220125,7743986580,495000000000,33%,739000000000,508,409,normal,4627,7567
1643098390,20220125,7743986580,495000000000,33%,739000000000,508,409,normal,4627,7568
1643099987,20220125,7743986580,495000000000,33%,739000000000,508,409,normal,4628,7568
1643117976,20220125,7743986580,495000000000,33%,739000000000,508,409,normal,4628,7569
1643120080,20220125,7743986580,495000000000,33%,739000000000,508,409,normal,4628,7570
1643125417,20220125,7743986580,495000000000,33%,739000000000,508,409,normal,4628,7572
1643131183,20220125,7743986580,495000000000,33%,739000000000,508,409,normal,4628,7573
1643132564,20220125,7743986580,495000000000,33%,739000000000,508,409,normal,4628,7572
1643137783,20220125,7743986580,495000000000,33%,739000000000,508,409,normal,4628,7574
1643141464,20220125,7743986580,495000000000,33%,739000000000,508,413,normal,4628,7575
1643152300,20220125,7743986580,495000000000,33%,739000000000,508,413,normal,4628,7576
1643157805,20220126,7743986580,495000000000,33%,739000000000,508,413,normal,4628,7576
1643162453,20220126,7743986580,495000000000,33%,739000000000,508,413,normal,4629,7578
1643168173,20220126,7743986580,495000000000,33%,739000000000,508,413,normal,4629,7579
1643170395,20220126,7743986580,495000000000,33%,739000000000,508,413,normal,4629,7580
1643182440,20220126,7743986580,495000000000,33%,739000000000,493,413,normal,4629,7580
1643184751,20220126,7743986580,495000000000,33%,739000000000,478,413,normal,4629,7579
1643190100,20220126,7743986580,495000000000,33%,739000000000,478,413,normal,4629,7580
1643192200,20220126,7743986580,495000000000,33%,739000000000,478,413,normal,4629,7579
1643199610,20220126,7743986580,495000000000,33%,739000000000,478,413,normal,4630,7579
1643201514,20220126,7743986580,495000000000,33%,739000000000,478,413,normal,4630,7580
1643206489,20220126,7743986580,495000000000,33%,739000000000,478,413,normal,4630,7581
1643210146,20220126,7743986580,495000000000,33%,739000000000,478,413,normal,4631,7581
1643216237,20220126,7743986580,495000000000,33%,739000000000,478,413,normal,4631,7580
1643218708,20220126,7743986580,495000000000,33%,739000000000,478,413,normal,4631,7581
1643221059,20220126,7743986580,495000000000,33%,739000000000,478,413,normal,4631,7584
1643222497,20220126,7743986580,495000000000,33%,739000000000,478,413,normal,4631,7585
1643227861,20220126,7743986580,495000000000,33%,739000000000,478,369,normal,4631,7585
1643236542,20220126,7743986580,495000000000,33%,739000000000,478,369,normal,4631,7584
1643240148,20220126,7743986580,495000000000,33%,739000000000,477,369,normal,4631,7584
1643243899,20220127,7743986580,495000000000,33%,739000000000,477,369,normal,4631,7584
1643248458,20220127,7743986580,495000000000,33%,739000000000,477,369,normal,4631,7585
1643250301,20220127,7743986580,495000000000,33%,739000000000,477,369,normal,4631,7586
1643253085,20220127,7743986580,495000000000,33%,739000000000,477,369,normal,4631,7585
1643254577,20220127,7743986580,495000000000,33%,739000000000,477,369,normal,4631,7586
1643258700,20220127,7743986580,495000000000,33%,739000000000,478,369,normal,4631,7586
1643263983,20220127,7743986580,495000000000,33%,739000000000,480,369,normal,4631,7586
1643267459,20220127,7743986580,495000000000,33%,739000000000,420,369,normal,4631,7586
1643271201,20220127,7743986580,495000000000,33%,739000000000,360,369,normal,4632,7586
1643272807,20220127,7743986580,495000000000,33%,739000000000,360,369,normal,4633,7586
1643290716,20220127,7743986580,495000000000,33%,739000000000,360,369,normal,4634,7586
1643294377,20220127,7743986580,495000000000,33%,739000000000,359,369,normal,4634,7586
1643298215,20220127,7743986580,495000000000,33%,739000000000,359,369,normal,4634,7587
1643303832,20220127,7743986580,495000000000,33%,739000000000,359,369,normal,4634,7586
1643312087,20220127,7743986580,495000000000,33%,739000000000,359,371,normal,4634,7586
1643314226,20220127,7743986580,495000000000,33%,739000000000,359,371,normal,4634,7585
1643317782,20220127,7743986580,495000000000,33%,739000000000,359,371,normal,4634,7586
1643330306,20220128,7743986580,495000000000,33%,739000000000,359,371,normal,4634,7586
